id,longitude,latitude,start_date,end_date,label,cube,time_series
1,-45.8431499983147,-12.813368893848,2016-09-01,2017-08-01,Cropland,NA,NA
2,-45.8423787392356,-12.8226529692806,2016-09-01,2017-08-01,Cropland,NA,NA
3,-45.8510978013719,-12.8182524424387,2016-09-01,2017-08-01,Cropland,NA,NA
4,-45.8517180074752,-12.8331890607801,2016-09-01,2017-08-01,Cropland,NA,NA
5,-45.8608973289147,-12.8257857581421,2016-09-01,2017-08-01,Cropland,NA,NA
6,-45.8616635442886,-12.8383733114221,2016-09-01,2017-08-01,Cropland,NA,NA
7,-45.8682785208556,-12.8302023659935,2016-09-01,2017-08-01,Cropland,NA,NA
8,-45.8756416925642,-12.8496498267242,2016-09-01,2017-08-01,Cropland,NA,NA
9,-45.8808451034094,-12.8278035030766,2016-09-01,2017-08-01,Cropland,NA,NA
10,-45.8949523054736,-12.8289728060713,2016-09-01,2017-08-01,Formacao_natural,NA,NA
11,-45.8910123688025,-12.8367847848123,2016-09-01,2017-08-01,Formacao_natural,NA,NA
12,-45.8972215517115,-12.8162949210812,2016-09-01,2017-08-01,Cropland,NA,NA
13,-45.9075345802371,-12.8376916975275,2016-09-01,2017-08-01,Cropland,NA,NA
14,-45.9071085418307,-12.8495910371333,2016-09-01,2017-08-01,Cropland,NA,NA
15,-45.9117442152731,-12.8187781228259,2016-09-01,2017-08-01,Cropland,NA,NA
16,-45.9222510707171,-12.8279104365866,2016-09-01,2017-08-01,Cropland,NA,NA
17,-45.9194845214967,-12.8376040680227,2016-09-01,2017-08-01,Cropland,NA,NA
18,-45.9364397873509,-12.8277064115089,2016-09-01,2017-08-01,Cropland,NA,NA
19,-45.9239300260037,-12.8179132696359,2016-09-01,2017-08-01,Cropland,NA,NA
20,-45.9493003141975,-12.8208097563435,2016-09-01,2017-08-01,Cropland,NA,NA
21,-45.9381110349677,-12.816851120991,2016-09-01,2017-08-01,Cropland,NA,NA
22,-45.9504950723939,-12.8131117478232,2016-09-01,2017-08-01,Cropland,NA,NA
23,-45.9477305177905,-12.8017510515436,2016-09-01,2017-08-01,Formacao_natural,NA,NA
24,-45.916601552962,-12.8051713566604,2016-09-01,2017-08-01,Cropland,NA,NA
25,-45.9436200917648,-12.7670165499139,2016-09-01,2017-08-01,Urban,NA,NA
26,-45.9515427074486,-12.7571672321525,2016-09-01,2017-08-01,Urban,NA,NA
27,-45.9470339536644,-12.7483596135651,2016-09-01,2017-08-01,Urban,NA,NA
28,-45.9268450991466,-12.7425429556925,2016-09-01,2017-08-01,Urban,NA,NA
29,-45.9691792270924,-12.7557096683051,2016-09-01,2017-08-01,Urban,NA,NA
30,-45.9388333222088,-12.7458341082463,2016-09-01,2017-08-01,Urban,NA,NA
31,-45.9532090651436,-12.7752958901507,2016-09-01,2017-08-01,Formacao_natural,NA,NA
32,-45.9407620773302,-12.7721124108467,2016-09-01,2017-08-01,Formacao_natural,NA,NA
33,-45.968044023828,-12.8302223293018,2016-09-01,2017-08-01,Cropland,NA,NA
34,-45.9534213699139,-12.8402002876299,2016-09-01,2017-08-01,Formacao_natural,NA,NA
35,-45.9674988421037,-12.8452047234128,2016-09-01,2017-08-01,Cropland,NA,NA
36,-45.9801997848681,-12.8427692978055,2016-09-01,2017-08-01,Cropland,NA,NA
37,-45.9552034800738,-12.847465860487,2016-09-01,2017-08-01,Cropland,NA,NA
38,-45.9717438745919,-12.8604194123125,2016-09-01,2017-08-01,Cropland,NA,NA
39,-45.9600181111123,-12.8618825476469,2016-09-01,2017-08-01,Cropland,NA,NA
40,-45.9621992375843,-12.8695867055745,2016-09-01,2017-08-01,Cropland,NA,NA
41,-45.9721816381869,-12.8706380831065,2016-09-01,2017-08-01,Cropland,NA,NA
42,-45.9613636765927,-12.8753549282836,2016-09-01,2017-08-01,Cropland,NA,NA
43,-45.9632037467791,-12.8816973674722,2016-09-01,2017-08-01,Cropland,NA,NA
44,-45.9640678930902,-12.8878406585425,2016-09-01,2017-08-01,Cropland,NA,NA
45,-45.977081400769,-12.8828806062407,2016-09-01,2017-08-01,Cropland,NA,NA
46,-45.9698656909323,-12.9031117463156,2016-09-01,2017-08-01,Cropland,NA,NA
47,-45.9814931501297,-12.8957737822911,2016-09-01,2017-08-01,Cropland,NA,NA
48,-45.9725402774995,-12.9116540946536,2016-09-01,2017-08-01,Cropland,NA,NA
49,-45.9851602380985,-12.9044568457357,2016-09-01,2017-08-01,Cropland,NA,NA
50,-45.9750785892973,-12.9211911790486,2016-09-01,2017-08-01,Cropland,NA,NA
51,-45.9868330794281,-12.9200136784988,2016-09-01,2017-08-01,Cropland,NA,NA
52,-45.987158211057,-12.929190113535,2016-09-01,2017-08-01,Cropland,NA,NA
53,-45.9863036766526,-12.9116040058951,2016-09-01,2017-08-01,Cropland,NA,NA
54,-45.9767930632332,-12.9287535352572,2016-09-01,2017-08-01,Cropland,NA,NA
55,-45.9913030726926,-12.9388878520208,2016-09-01,2017-08-01,Cropland,NA,NA
56,-45.9910356444273,-12.946742534842,2016-09-01,2017-08-01,Cropland,NA,NA
57,-45.9762027637385,-12.9412420985294,2016-09-01,2017-08-01,Cropland,NA,NA
58,-45.9810918511488,-12.9507467401724,2016-09-01,2017-08-01,Cropland,NA,NA
59,-45.9929417180242,-12.9541811287736,2016-09-01,2017-08-01,Cropland,NA,NA
60,-45.9857474162954,-12.9638342907141,2016-09-01,2017-08-01,Cropland,NA,NA
61,-45.983213951476,-12.9578791008325,2016-09-01,2017-08-01,Cropland,NA,NA
62,-45.9839416419993,-12.9694388830353,2016-09-01,2017-08-01,Formacao_natural,NA,NA
63,-45.9863383573544,-12.979300240798,2016-09-01,2017-08-01,Formacao_natural,NA,NA
64,-45.9866465254742,-12.9960911829379,2016-09-01,2017-08-01,Cropland,NA,NA
65,-46.00648812457,-13.0074876924817,2016-09-01,2017-08-01,Cropland,NA,NA
66,-45.9917330224491,-13.0082414931784,2016-09-01,2017-08-01,Cropland,NA,NA
67,-45.9914640949816,-13.0176432617299,2016-09-01,2017-08-01,Cropland,NA,NA
68,-46.0118704219492,-13.0212711337445,2016-09-01,2017-08-01,Cropland,NA,NA
69,-45.9912994414921,-13.0278205047257,2016-09-01,2017-08-01,Cropland,NA,NA
70,-45.9955305669683,-13.0389415217693,2016-09-01,2017-08-01,Cropland,NA,NA
71,-46.0166774724271,-13.0414236028191,2016-09-01,2017-08-01,Cropland,NA,NA
72,-45.9946442580998,-12.9650191370557,2016-09-01,2017-08-01,Formacao_natural,NA,NA
73,-46.0055112665664,-12.965030103645,2016-09-01,2017-08-01,Formacao_natural,NA,NA
74,-46.0081156987891,-12.9592242029653,2016-09-01,2017-08-01,Cropland,NA,NA
75,-46.0157200674556,-12.9552878710055,2016-09-01,2017-08-01,Cropland,NA,NA
76,-46.0230154392312,-12.9562770294842,2016-09-01,2017-08-01,Cropland,NA,NA
77,-46.0146141668123,-12.9657656056586,2016-09-01,2017-08-01,Cropland,NA,NA
78,-46.0359140291098,-12.9568702232423,2016-09-01,2017-08-01,Cropland,NA,NA
79,-46.002426858673,-12.9550557479719,2016-09-01,2017-08-01,Cropland,NA,NA
80,-45.9759095407573,-12.9744823726565,2016-09-01,2017-08-01,Formacao_natural,NA,NA
81,-45.9712899021265,-12.9333938517016,2016-09-01,2017-08-01,Cropland,NA,NA
82,-45.9670559658924,-12.9255710394552,2016-09-01,2017-08-01,Cropland,NA,NA
83,-45.9624075757601,-12.9176411377618,2016-09-01,2017-08-01,Cropland,NA,NA
84,-45.9665890648905,-12.8966293000707,2016-09-01,2017-08-01,Cropland,NA,NA
85,-45.983367949547,-12.8705170656624,2016-09-01,2017-08-01,Cropland,NA,NA
86,-45.9871111123571,-12.8793485736209,2016-09-01,2017-08-01,Cropland,NA,NA
87,-45.9922675986328,-12.8938757281828,2016-09-01,2017-08-01,Cropland,NA,NA
88,-45.9611503628935,-12.8197920392165,2016-09-01,2017-08-01,Cropland,NA,NA
89,-45.9510574017043,-12.8275560480907,2016-09-01,2017-08-01,Cropland,NA,NA
90,-45.9431460782904,-12.7396092853359,2016-09-01,2017-08-01,Urban,NA,NA
91,-45.9378398537343,-12.757331204885,2016-09-01,2017-08-01,Cropland,NA,NA
92,-45.9484357841041,-12.7300591163776,2016-09-01,2017-08-01,Cropland,NA,NA
93,-45.9302690789312,-12.7197379533182,2016-09-01,2017-08-01,Cropland,NA,NA
94,-45.9325875597742,-12.7313983083604,2016-09-01,2017-08-01,Cropland,NA,NA
95,-45.9405119064361,-12.71551187638,2016-09-01,2017-08-01,Cropland,NA,NA
96,-45.9233528160168,-12.7071587840854,2016-09-01,2017-08-01,Cropland,NA,NA
97,-45.9373356748813,-12.6765334223242,2016-09-01,2017-08-01,Cropland,NA,NA
98,-45.9339882650135,-12.6627951423676,2016-09-01,2017-08-01,Cropland,NA,NA
99,-45.9223144940904,-12.6727046549368,2016-09-01,2017-08-01,Cropland,NA,NA
100,-46.3730315912879,-12.6656215628206,2016-09-01,2017-08-01,Formacao_natural,NA,NA
101,-46.3660480494766,-12.6636277888795,2016-09-01,2017-08-01,Pasture,NA,NA
102,-46.3605805344438,-12.666053756113,2016-09-01,2017-08-01,Pasture,NA,NA
103,-46.3547763101345,-12.6614294748116,2016-09-01,2017-08-01,Pasture,NA,NA
104,-46.3618962327705,-12.6863388558209,2016-09-01,2017-08-01,Pasture,NA,NA
105,-46.3560420674856,-12.6882954921665,2016-09-01,2017-08-01,Pasture,NA,NA
106,-46.3638605971971,-12.6900846038274,2016-09-01,2017-08-01,Pasture,NA,NA
107,-46.3792629805625,-12.6942513110081,2016-09-01,2017-08-01,Pasture,NA,NA
108,-46.3908132292021,-12.7024041862486,2016-09-01,2017-08-01,Formacao_natural,NA,NA
109,-46.3999373992045,-12.6986771615318,2016-09-01,2017-08-01,Formacao_natural,NA,NA
110,-46.4018268081924,-12.7039265164249,2016-09-01,2017-08-01,Formacao_natural,NA,NA
111,-46.3930341169667,-12.7077274921526,2016-09-01,2017-08-01,Formacao_natural,NA,NA
112,-46.4060924652522,-12.7000993835268,2016-09-01,2017-08-01,Formacao_natural,NA,NA
113,-46.3941577511212,-12.7111820609653,2016-09-01,2017-08-01,Formacao_natural,NA,NA
114,-46.404450606363,-12.710955126604,2016-09-01,2017-08-01,Urban,NA,NA
115,-46.4085381455042,-12.7144696260081,2016-09-01,2017-08-01,Urban,NA,NA
116,-46.406650496869,-12.7064016013704,2016-09-01,2017-08-01,Urban,NA,NA
117,-46.4105767910792,-12.7094347027804,2016-09-01,2017-08-01,Urban,NA,NA
118,-46.416604960502,-12.7113952268785,2016-09-01,2017-08-01,Pasture,NA,NA
119,-46.4211038428635,-12.7097937797277,2016-09-01,2017-08-01,Pasture,NA,NA
120,-46.4188151325024,-12.7199867308167,2016-09-01,2017-08-01,Pasture,NA,NA
121,-46.4168116640057,-12.715803452017,2016-09-01,2017-08-01,Pasture,NA,NA
122,-46.4259562946298,-12.7233945053343,2016-09-01,2017-08-01,Formacao_natural,NA,NA
123,-46.439862835561,-12.7279348385578,2016-09-01,2017-08-01,Formacao_natural,NA,NA
124,-46.4243995700006,-12.7294176156485,2016-09-01,2017-08-01,Formacao_natural,NA,NA
125,-46.4475044137625,-12.7251797153632,2016-09-01,2017-08-01,Pasture,NA,NA
126,-46.4463123982676,-12.7287021827943,2016-09-01,2017-08-01,Pasture,NA,NA
127,-46.4561753254328,-12.7254246968942,2016-09-01,2017-08-01,Pasture,NA,NA
128,-46.4620925332636,-12.7268109582801,2016-09-01,2017-08-01,Formacao_natural,NA,NA
129,-46.4651884181427,-12.7209734887199,2016-09-01,2017-08-01,Formacao_natural,NA,NA
130,-46.4714851020814,-12.7302322254786,2016-09-01,2017-08-01,Pasture,NA,NA
131,-46.4714119132928,-12.7352012176731,2016-09-01,2017-08-01,Formacao_natural,NA,NA
132,-46.4786495334049,-12.7290819105086,2016-09-01,2017-08-01,Formacao_natural,NA,NA
133,-46.4744330069193,-12.73894907598,2016-09-01,2017-08-01,Formacao_natural,NA,NA
134,-46.4779356261046,-12.7364502011931,2016-09-01,2017-08-01,Pasture,NA,NA
135,-46.4829355127912,-12.7383341324379,2016-09-01,2017-08-01,Formacao_natural,NA,NA
136,-46.4871693799573,-12.7353345650725,2016-09-01,2017-08-01,Formacao_natural,NA,NA
137,-46.4916887985161,-12.7370200963292,2016-09-01,2017-08-01,Pasture,NA,NA
138,-46.4900877577675,-12.7458222334948,2016-09-01,2017-08-01,Formacao_natural,NA,NA
139,-46.4847805733976,-12.7469645099155,2016-09-01,2017-08-01,Formacao_natural,NA,NA
140,-46.4944696728211,-12.7557043902849,2016-09-01,2017-08-01,Pasture,NA,NA
141,-46.5027525440865,-12.7608891507394,2016-09-01,2017-08-01,Pasture,NA,NA
142,-46.4988705082525,-12.7637856170276,2016-09-01,2017-08-01,Pasture,NA,NA
143,-46.5054132316538,-12.7667962514704,2016-09-01,2017-08-01,Pasture,NA,NA
144,-46.5067870201311,-12.7704979988817,2016-09-01,2017-08-01,Pasture,NA,NA
145,-46.508273462006,-12.7756332834246,2016-09-01,2017-08-01,Pasture,NA,NA
146,-46.5046379462212,-12.777171236623,2016-09-01,2017-08-01,Pasture,NA,NA
147,-46.5125041997066,-12.7834136758284,2016-09-01,2017-08-01,Pasture,NA,NA
148,-46.5040275727293,-12.790974002776,2016-09-01,2017-08-01,Urban,NA,NA
149,-46.5086360802447,-12.7895024732771,2016-09-01,2017-08-01,Urban,NA,NA
150,-46.5098411676781,-12.7972611910676,2016-09-01,2017-08-01,Pasture,NA,NA
151,-46.5100430460391,-12.8009320953566,2016-09-01,2017-08-01,Pasture,NA,NA
152,-46.5169718095751,-12.7986865365522,2016-09-01,2017-08-01,Pasture,NA,NA
153,-46.514233228015,-12.8042379552913,2016-09-01,2017-08-01,Pasture,NA,NA
154,-46.5210698045097,-12.7975106690016,2016-09-01,2017-08-01,Pasture,NA,NA
155,-46.518950964147,-12.8029762479276,2016-09-01,2017-08-01,Pasture,NA,NA
156,-46.5283313416899,-12.8031161918908,2016-09-01,2017-08-01,Pasture,NA,NA
157,-46.5285718160589,-12.7995825020051,2016-09-01,2017-08-01,Pasture,NA,NA
158,-46.5335413146886,-12.7988680190486,2016-09-01,2017-08-01,Pasture,NA,NA
159,-46.5383032040514,-12.7990380114522,2016-09-01,2017-08-01,Pasture,NA,NA
160,-46.5458868970452,-12.8021172231881,2016-09-01,2017-08-01,Pasture,NA,NA
161,-46.5404890968721,-12.804803937302,2016-09-01,2017-08-01,Pasture,NA,NA
162,-46.548534821932,-12.8101103045874,2016-09-01,2017-08-01,Urban,NA,NA
163,-46.5494646595804,-12.8136938861285,2016-09-01,2017-08-01,Urban,NA,NA
164,-46.5505839696117,-12.818234000032,2016-09-01,2017-08-01,Urban,NA,NA
165,-46.5439130813721,-12.824413457674,2016-09-01,2017-08-01,Pasture,NA,NA
166,-46.5530566763052,-12.8244522941535,2016-09-01,2017-08-01,Pasture,NA,NA
167,-46.5480901578558,-12.8294207923026,2016-09-01,2017-08-01,Pasture,NA,NA
168,-46.5543873201643,-12.8280396551504,2016-09-01,2017-08-01,Pasture,NA,NA
169,-46.5492560843498,-12.8335440159716,2016-09-01,2017-08-01,Pasture,NA,NA
170,-46.5500334458057,-12.8386216562988,2016-09-01,2017-08-01,Pasture,NA,NA
171,-46.5548383125153,-12.8336541693929,2016-09-01,2017-08-01,Pasture,NA,NA
172,-46.5580325073744,-12.8379595367157,2016-09-01,2017-08-01,Pasture,NA,NA
173,-46.5659372974776,-12.8443523814264,2016-09-01,2017-08-01,Pasture,NA,NA
174,-46.5613432320716,-12.8491005918858,2016-09-01,2017-08-01,Pasture,NA,NA
175,-46.5675281662253,-12.8565891638138,2016-09-01,2017-08-01,Pasture,NA,NA
176,-46.5769345384302,-12.8537244337544,2016-09-01,2017-08-01,Pasture,NA,NA
177,-46.5706148702755,-12.8641645814951,2016-09-01,2017-08-01,Pasture,NA,NA
178,-46.5826630200983,-12.871369926055,2016-09-01,2017-08-01,Pasture,NA,NA
179,-46.5748641947323,-12.8726288297926,2016-09-01,2017-08-01,Pasture,NA,NA
180,-46.5838749048706,-12.8762596757856,2016-09-01,2017-08-01,Pasture,NA,NA
181,-46.5819170578645,-12.8883777680798,2016-09-01,2017-08-01,Pasture,NA,NA
182,-46.5828540326748,-12.8981432582028,2016-09-01,2017-08-01,Pasture,NA,NA
183,-46.5751640101949,-12.9002647284152,2016-09-01,2017-08-01,Pasture,NA,NA
184,-46.5780125479905,-12.9173666745184,2016-09-01,2017-08-01,Urban,NA,NA
185,-46.5735835038529,-12.9141829180025,2016-09-01,2017-08-01,Urban,NA,NA
186,-46.5779855954712,-12.9092090480157,2016-09-01,2017-08-01,Pasture,NA,NA
187,-46.5731686362067,-12.9082798818964,2016-09-01,2017-08-01,Pasture,NA,NA
188,-46.5724488048741,-12.9226260648977,2016-09-01,2017-08-01,Pasture,NA,NA
189,-46.5759686072007,-12.9328986069286,2016-09-01,2017-08-01,Pasture,NA,NA
190,-46.5681552816458,-12.9376894689299,2016-09-01,2017-08-01,Pasture,NA,NA
191,-46.5703706056527,-12.941800226638,2016-09-01,2017-08-01,Pasture,NA,NA
192,-46.5652617742343,-12.9461002333513,2016-09-01,2017-08-01,Pasture,NA,NA
193,-46.5687317601851,-12.9486425575243,2016-09-01,2017-08-01,Pasture,NA,NA
194,-46.5628303976961,-12.9504841135535,2016-09-01,2017-08-01,Pasture,NA,NA
195,-46.5713576574562,-12.9680021094765,2016-09-01,2017-08-01,Formacao_natural,NA,NA
196,-46.5746461958815,-12.9770184651893,2016-09-01,2017-08-01,Pasture,NA,NA
197,-46.5851497293576,-12.9840304049163,2016-09-01,2017-08-01,Pasture,NA,NA
198,-46.5918766397456,-12.991700520899,2016-09-01,2017-08-01,Pasture,NA,NA
199,-46.5847811042338,-12.9954542512767,2016-09-01,2017-08-01,Pasture,NA,NA
200,-46.5890486989128,-12.9862248638718,2016-09-01,2017-08-01,Pasture,NA,NA
201,-46.5971466902115,-12.9963970214206,2016-09-01,2017-08-01,Pasture,NA,NA
202,-46.5990684458629,-13.0061326438375,2016-09-01,2017-08-01,Pasture,NA,NA
203,-46.6017063266186,-13.0015700973851,2016-09-01,2017-08-01,Pasture,NA,NA
204,-46.6080231777524,-13.0057055229664,2016-09-01,2017-08-01,Pasture,NA,NA
205,-46.6056946208266,-13.0100118304521,2016-09-01,2017-08-01,Pasture,NA,NA
206,-46.614313905454,-13.0041965839803,2016-09-01,2017-08-01,Formacao_natural,NA,NA
207,-46.6190248970705,-13.0043594690013,2016-09-01,2017-08-01,Pasture,NA,NA
208,-46.6203046729191,-13.0090929408096,2016-09-01,2017-08-01,Pasture,NA,NA
209,-46.6268557005819,-13.0082621019341,2016-09-01,2017-08-01,Pasture,NA,NA
210,-46.6288524806011,-13.001901499113,2016-09-01,2017-08-01,Pasture,NA,NA
211,-46.64446160741,-13.0019271360127,2016-09-01,2017-08-01,Pasture,NA,NA
212,-46.6469691203278,-13.006860990619,2016-09-01,2017-08-01,Pasture,NA,NA
213,-46.6523967261413,-13.007889468528,2016-09-01,2017-08-01,Pasture,NA,NA
214,-46.6613579254784,-13.0030139217936,2016-09-01,2017-08-01,Formacao_natural,NA,NA
215,-46.6764646522849,-12.9996773045801,2016-09-01,2017-08-01,Formacao_natural,NA,NA
216,-46.6784495724399,-13.0174435622061,2016-09-01,2017-08-01,Formacao_natural,NA,NA
217,-46.6850187444707,-13.003792107052,2016-09-01,2017-08-01,Pasture,NA,NA
218,-46.6857713219425,-13.0127276801969,2016-09-01,2017-08-01,Pasture,NA,NA
219,-46.6945709135318,-13.0063815452652,2016-09-01,2017-08-01,Pasture,NA,NA
220,-46.7002805317073,-13.0080678873243,2016-09-01,2017-08-01,Pasture,NA,NA
221,-46.6984686078776,-13.0142814446972,2016-09-01,2017-08-01,Pasture,NA,NA
222,-46.6946817925561,-13.0183037574404,2016-09-01,2017-08-01,Pasture,NA,NA
223,-46.7064794119167,-13.0071312991973,2016-09-01,2017-08-01,Pasture,NA,NA
224,-46.7147293266318,-13.0105705388609,2016-09-01,2017-08-01,Pasture,NA,NA
225,-46.7058365772526,-13.01600896319,2016-09-01,2017-08-01,Pasture,NA,NA
226,-46.7163632377731,-13.0026331530368,2016-09-01,2017-08-01,Pasture,NA,NA
227,-46.7214991704885,-13.0125184081313,2016-09-01,2017-08-01,Pasture,NA,NA
228,-46.7227157513605,-13.0222721127382,2016-09-01,2017-08-01,Pasture,NA,NA
229,-46.7303695211926,-13.0136027527537,2016-09-01,2017-08-01,Pasture,NA,NA
230,-46.7409012938157,-13.0244151076649,2016-09-01,2017-08-01,Pasture,NA,NA
231,-46.7139078048428,-13.027030042389,2016-09-01,2017-08-01,Pasture,NA,NA
232,-46.7578669114532,-13.0328662124497,2016-09-01,2017-08-01,Urban,NA,NA
233,-46.7611930625216,-13.0386689195318,2016-09-01,2017-08-01,Urban,NA,NA
234,-46.7686985142872,-13.0276651812239,2016-09-01,2017-08-01,Urban,NA,NA
235,-46.7691929525119,-13.038220589294,2016-09-01,2017-08-01,Urban,NA,NA
236,-46.7789601572133,-13.036512453588,2016-09-01,2017-08-01,Urban,NA,NA
237,-46.7517821064622,-13.0555958250239,2016-09-01,2017-08-01,Urban,NA,NA
238,-46.7430489793663,-13.07378631075,2016-09-01,2017-08-01,Pasture,NA,NA
239,-46.7484845267858,-13.0789982270624,2016-09-01,2017-08-01,Pasture,NA,NA
240,-46.7532110200217,-13.0749846311213,2016-09-01,2017-08-01,Formacao_natural,NA,NA
241,-46.74269376552,-13.0864798295908,2016-09-01,2017-08-01,Pasture,NA,NA
242,-46.7519928802986,-13.0938675407759,2016-09-01,2017-08-01,Pasture,NA,NA
243,-46.7524907721102,-13.0983989272752,2016-09-01,2017-08-01,Formacao_natural,NA,NA
244,-46.7465933615883,-13.1051196926235,2016-09-01,2017-08-01,Pasture,NA,NA
245,-46.7517331112445,-13.1090572025141,2016-09-01,2017-08-01,Pasture,NA,NA
246,-46.7519896210919,-13.1144545204851,2016-09-01,2017-08-01,Pasture,NA,NA
247,-46.7542882374541,-13.1204013080561,2016-09-01,2017-08-01,Pasture,NA,NA
248,-46.7577863431647,-13.1259136093125,2016-09-01,2017-08-01,Pasture,NA,NA
249,-46.7465484177277,-13.1244619163126,2016-09-01,2017-08-01,Pasture,NA,NA
250,-46.7608067423832,-13.1325214122728,2016-09-01,2017-08-01,Pasture,NA,NA
251,-46.7529351746713,-13.1396562029651,2016-09-01,2017-08-01,Pasture,NA,NA
252,-46.7539576741896,-13.1452374970155,2016-09-01,2017-08-01,Pasture,NA,NA
253,-46.7644389114707,-13.1439873874869,2016-09-01,2017-08-01,Pasture,NA,NA
254,-46.7564288381669,-13.1530244741428,2016-09-01,2017-08-01,Pasture,NA,NA
255,-46.7666004185355,-13.1550975917701,2016-09-01,2017-08-01,Pasture,NA,NA
256,-46.7622528024886,-13.1619522818018,2016-09-01,2017-08-01,Pasture,NA,NA
257,-46.7714435794272,-13.1629561589119,2016-09-01,2017-08-01,Pasture,NA,NA
258,-46.7799105695418,-13.1658411553227,2016-09-01,2017-08-01,Formacao_natural,NA,NA
259,-46.7631520822316,-13.1702054040419,2016-09-01,2017-08-01,Pasture,NA,NA
260,-46.752533178567,-13.178889144797,2016-09-01,2017-08-01,Formacao_natural,NA,NA
261,-46.7665611476045,-13.1790198875128,2016-09-01,2017-08-01,Pasture,NA,NA
262,-46.7750814814718,-13.171531750245,2016-09-01,2017-08-01,Pasture,NA,NA
263,-46.7606864617463,-13.1876975264133,2016-09-01,2017-08-01,Formacao_natural,NA,NA
264,-46.7854159232764,-13.1849266776939,2016-09-01,2017-08-01,Formacao_natural,NA,NA
265,-46.7700551141787,-13.187290900863,2016-09-01,2017-08-01,Pasture,NA,NA
266,-46.7736173334483,-13.1957161397797,2016-09-01,2017-08-01,Pasture,NA,NA
267,-46.7848896313586,-13.2090300520069,2016-09-01,2017-08-01,Formacao_natural,NA,NA
268,-46.7914047959279,-13.2061086554348,2016-09-01,2017-08-01,Formacao_natural,NA,NA
269,-46.7877098847845,-13.2132048817267,2016-09-01,2017-08-01,Pasture,NA,NA
270,-46.7966816590278,-13.2165458375062,2016-09-01,2017-08-01,Formacao_natural,NA,NA
271,-46.7882294857889,-13.2192908174814,2016-09-01,2017-08-01,Pasture,NA,NA
272,-46.7936464815397,-13.2237503273748,2016-09-01,2017-08-01,Pasture,NA,NA
273,-46.7964495216664,-13.2276472194171,2016-09-01,2017-08-01,Pasture,NA,NA
274,-46.8043187722467,-13.2313202184989,2016-09-01,2017-08-01,Pasture,NA,NA
275,-46.8154661572516,-13.2401168686341,2016-09-01,2017-08-01,Formacao_natural,NA,NA
276,-46.8200828248584,-13.2430858547612,2016-09-01,2017-08-01,Pasture,NA,NA
277,-46.8329807140051,-13.2477320237171,2016-09-01,2017-08-01,Pasture,NA,NA
278,-46.8338739428042,-13.2424138042522,2016-09-01,2017-08-01,Pasture,NA,NA
279,-46.842231182437,-13.2420250821722,2016-09-01,2017-08-01,Pasture,NA,NA
280,-46.8417156500156,-13.2372543032661,2016-09-01,2017-08-01,Pasture,NA,NA
281,-45.9344669222995,-12.6671958294572,2016-09-01,2017-08-01,Cropland,NA,NA
282,-45.9299749018256,-12.7144366883981,2016-09-01,2017-08-01,Cropland,NA,NA
283,-45.9587485499557,-12.757838037996,2016-09-01,2017-08-01,Cropland,NA,NA
284,-45.958075035126,-12.7648015476854,2016-09-01,2017-08-01,Cropland,NA,NA
285,-45.9697323469616,-12.7700283743874,2016-09-01,2017-08-01,Cropland,NA,NA
286,-45.9747802738288,-12.7629802791386,2016-09-01,2017-08-01,Cropland,NA,NA
287,-45.9884479969515,-12.7676908992159,2016-09-01,2017-08-01,Cropland,NA,NA
288,-46.0038575881458,-12.7821978564651,2016-09-01,2017-08-01,Cropland,NA,NA
289,-46.0106716853618,-12.7732532461098,2016-09-01,2017-08-01,Cropland,NA,NA
290,-46.0222072110648,-12.7900748216845,2016-09-01,2017-08-01,Cropland,NA,NA
291,-46.0305269974698,-12.7804330053195,2016-09-01,2017-08-01,Cropland,NA,NA
292,-45.9521145231988,-12.81550607059,2016-09-01,2017-08-01,Cropland,NA,NA
293,-45.9531059536611,-12.8214543792689,2016-09-01,2017-08-01,Cropland,NA,NA
294,-45.9627362715266,-12.8230626554857,2016-09-01,2017-08-01,Cropland,NA,NA
295,-45.9544744358057,-12.8267049650947,2016-09-01,2017-08-01,Cropland,NA,NA
296,-45.9625407235741,-12.8296705825593,2016-09-01,2017-08-01,Cropland,NA,NA
297,-45.9585346908924,-12.8296620192269,2016-09-01,2017-08-01,Cropland,NA,NA
298,-45.9564045041323,-12.8334001542737,2016-09-01,2017-08-01,Cropland,NA,NA
299,-45.9585593979516,-12.8373967721308,2016-09-01,2017-08-01,Formacao_florestal,NA,NA
300,-45.9645610304063,-12.8351921568748,2016-09-01,2017-08-01,Cropland,NA,NA
301,-45.960485105259,-12.8536183087923,2016-09-01,2017-08-01,Cropland,NA,NA
302,-45.966948167794,-12.8546318451555,2016-09-01,2017-08-01,Cropland,NA,NA
303,-45.9680735173019,-12.8734254471396,2016-09-01,2017-08-01,Cropland,NA,NA
304,-45.9723508992536,-12.8946264823033,2016-09-01,2017-08-01,Cropland,NA,NA
305,-45.98033177217,-12.9023309130227,2016-09-01,2017-08-01,Cropland,NA,NA
306,-45.9755707965524,-12.9115688294985,2016-09-01,2017-08-01,Cropland,NA,NA
307,-45.9779006393831,-12.9182647234496,2016-09-01,2017-08-01,Cropland,NA,NA
308,-45.9792448126418,-12.9316361737765,2016-09-01,2017-08-01,Cropland,NA,NA
309,-45.9831698899711,-12.9503659392087,2016-09-01,2017-08-01,Cropland,NA,NA
310,-45.9965742708961,-12.9847243092336,2016-09-01,2017-08-01,Cropland,NA,NA
311,-45.9893978319704,-12.9883067235204,2016-09-01,2017-08-01,Cropland,NA,NA
312,-46.0014393737471,-13.0042345175544,2016-09-01,2017-08-01,Cropland,NA,NA
313,-46.0041755805431,-13.0147820680153,2016-09-01,2017-08-01,Cropland,NA,NA
314,-45.9959864168593,-13.0181861355733,2016-09-01,2017-08-01,Cropland,NA,NA
315,-46.0123218919725,-13.0591448973637,2016-09-01,2017-08-01,Cropland,NA,NA
316,-45.9999262158868,-13.0541191462445,2016-09-01,2017-08-01,Cropland,NA,NA
317,-46.0024803867906,-13.0659584473363,2016-09-01,2017-08-01,Cropland,NA,NA
318,-46.0093405198766,-13.0766177887307,2016-09-01,2017-08-01,Cropland,NA,NA
319,-46.0127583497227,-13.0908786885136,2016-09-01,2017-08-01,Cropland,NA,NA
320,-46.0232192740962,-13.1057657213223,2016-09-01,2017-08-01,Cropland,NA,NA
321,-46.0252290354012,-13.0985153139788,2016-09-01,2017-08-01,Pasture,NA,NA
322,-46.0296428267821,-13.1050803067975,2016-09-01,2017-08-01,Cropland,NA,NA
323,-46.0367191355001,-13.1051876155555,2016-09-01,2017-08-01,Cropland,NA,NA
324,-46.0475122060167,-13.1021980299742,2016-09-01,2017-08-01,Cropland,NA,NA
325,-46.0507226534765,-13.1015291685342,2016-09-01,2017-08-01,Cropland,NA,NA
326,-46.0558133091352,-13.1008712714938,2016-09-01,2017-08-01,Cropland,NA,NA
327,-46.0622467559862,-13.1000015122751,2016-09-01,2017-08-01,Cropland,NA,NA
328,-46.028128823621,-13.122180520575,2016-09-01,2017-08-01,Cropland,NA,NA
329,-46.0263634961112,-13.1279565340341,2016-09-01,2017-08-01,Cropland,NA,NA
330,-46.0294627375133,-13.1416903440362,2016-09-01,2017-08-01,Cropland,NA,NA
331,-46.0357180269337,-13.1699211354034,2016-09-01,2017-08-01,Cropland,NA,NA
332,-46.0409675806378,-13.1898238263596,2016-09-01,2017-08-01,Cropland,NA,NA
333,-46.0441629248672,-13.1983894472876,2016-09-01,2017-08-01,Cropland,NA,NA
334,-46.0458063387322,-13.2059055854062,2016-09-01,2017-08-01,Cropland,NA,NA
335,-46.0487163745358,-13.2172588105003,2016-09-01,2017-08-01,Cropland,NA,NA
336,-46.0491978756401,-13.2308027238177,2016-09-01,2017-08-01,Cropland,NA,NA
337,-46.0490177916016,-13.2428519326068,2016-09-01,2017-08-01,Cropland,NA,NA
338,-46.0538813737964,-13.2526457237967,2016-09-01,2017-08-01,Cropland,NA,NA
339,-46.055502140963,-13.2942619998386,2016-09-01,2017-08-01,Formacao_florestal,NA,NA
340,-46.063816995106,-13.2995972058565,2016-09-01,2017-08-01,Cropland,NA,NA
341,-46.0678735804036,-13.3196150677973,2016-09-01,2017-08-01,Cropland,NA,NA
342,-46.0726489950021,-13.3477773119389,2016-09-01,2017-08-01,Cropland,NA,NA
343,-46.0638019373316,-13.3550531027638,2016-09-01,2017-08-01,Cropland,NA,NA
344,-46.0767971333034,-13.3637673791059,2016-09-01,2017-08-01,Cropland,NA,NA
345,-46.0826862363374,-13.3821350704316,2016-09-01,2017-08-01,Cropland,NA,NA
346,-46.0856522004424,-13.3956889997493,2016-09-01,2017-08-01,Cropland,NA,NA
347,-46.0864604098367,-13.4069433115361,2016-09-01,2017-08-01,Cropland,NA,NA
348,-46.089590132751,-13.4201153467354,2016-09-01,2017-08-01,Cropland,NA,NA
349,-46.0944083039861,-13.4326468288115,2016-09-01,2017-08-01,Cropland,NA,NA
350,-46.0902571437063,-13.4700490329079,2016-09-01,2017-08-01,Pasture,NA,NA
351,-46.090898695855,-13.4776137584061,2016-09-01,2017-08-01,Pasture,NA,NA
352,-46.103860268981,-13.4805368268028,2016-09-01,2017-08-01,Cropland,NA,NA
353,-46.0919393518094,-13.48599134391,2016-09-01,2017-08-01,Cropland,NA,NA
354,-46.1044940982693,-13.4900268619202,2016-09-01,2017-08-01,Cropland,NA,NA
355,-46.0939691789002,-13.4930733089511,2016-09-01,2017-08-01,Cropland,NA,NA
356,-46.1069994774768,-13.51266799971,2016-09-01,2017-08-01,Cropland,NA,NA
357,-46.1179134391505,-13.5419608969371,2016-09-01,2017-08-01,Cropland,NA,NA
358,-46.1059607642043,-13.5455931381293,2016-09-01,2017-08-01,Cropland,NA,NA
359,-46.1206231305387,-13.5662112414599,2016-09-01,2017-08-01,Cropland,NA,NA
360,-46.1165431703435,-13.5765855172417,2016-09-01,2017-08-01,Pasture,NA,NA
361,-46.1136747613799,-13.5826364825615,2016-09-01,2017-08-01,Formacao_florestal,NA,NA
362,-46.121650583263,-13.5926572763829,2016-09-01,2017-08-01,Cropland,NA,NA
363,-46.1181219347348,-13.6033133439031,2016-09-01,2017-08-01,Cropland,NA,NA
364,-46.1315508564059,-13.617882276144,2016-09-01,2017-08-01,Cropland,NA,NA
365,-46.1243437961659,-13.6245232037632,2016-09-01,2017-08-01,Cropland,NA,NA
366,-46.1273332108851,-13.6378162362892,2016-09-01,2017-08-01,Cropland,NA,NA
367,-46.1275552488113,-13.6463646556569,2016-09-01,2017-08-01,Cropland,NA,NA
368,-45.9879999282516,-12.7749794805722,2016-09-01,2017-08-01,Cropland,NA,NA
369,-45.9625343012248,-12.8696185662776,2016-09-01,2017-08-01,Cropland,NA,NA
370,-45.9767975013858,-12.8945332544853,2016-09-01,2017-08-01,Cropland,NA,NA
371,-45.9744305033889,-12.9026136937143,2016-09-01,2017-08-01,Cropland,NA,NA
372,-45.9811233924251,-12.9116327699633,2016-09-01,2017-08-01,Cropland,NA,NA
373,-45.9841433553915,-12.9189378139707,2016-09-01,2017-08-01,Cropland,NA,NA
374,-45.9867552137844,-12.9299974055934,2016-09-01,2017-08-01,Cropland,NA,NA
375,-45.9885304618948,-12.9504433654171,2016-09-01,2017-08-01,Cropland,NA,NA
376,-45.9940194474413,-13.0088429049743,2016-09-01,2017-08-01,Cropland,NA,NA
377,-46.0150775627829,-13.0667119105333,2016-09-01,2017-08-01,Cropland,NA,NA
378,-46.0197299365305,-13.0758534181742,2016-09-01,2017-08-01,Cropland,NA,NA
379,-46.0214031592654,-13.0989928582143,2016-09-01,2017-08-01,Pasture,NA,NA
380,-46.034788937129,-13.0967074813374,2016-09-01,2017-08-01,Pasture,NA,NA
381,-46.0449915124403,-13.0933610363685,2016-09-01,2017-08-01,Pasture,NA,NA
382,-46.0543778814194,-13.0909940394469,2016-09-01,2017-08-01,Pasture,NA,NA
383,-46.0192402132169,-13.1279477659313,2016-09-01,2017-08-01,Cropland,NA,NA
384,-46.0221377448023,-13.1420273198191,2016-09-01,2017-08-01,Cropland,NA,NA
385,-46.0271574116327,-13.1680234805165,2016-09-01,2017-08-01,Cropland,NA,NA
386,-46.0303406147844,-13.1880205272873,2016-09-01,2017-08-01,Cropland,NA,NA
387,-46.0319730263352,-13.1992025497238,2016-09-01,2017-08-01,Cropland,NA,NA
388,-46.0344216450857,-13.2058954388473,2016-09-01,2017-08-01,Cropland,NA,NA
389,-46.0677228492259,-13.3664839701367,2016-09-01,2017-08-01,Pasture,NA,NA
390,-46.0793945956888,-13.4080288552461,2016-09-01,2017-08-01,Cropland,NA,NA
391,-46.079557836712,-13.4226389433126,2016-09-01,2017-08-01,Cropland,NA,NA
392,-46.0821696958145,-13.4344739302809,2016-09-01,2017-08-01,Cropland,NA,NA
393,-46.1252245623833,-13.6041631574696,2016-09-01,2017-08-01,Cropland,NA,NA
394,-45.7216723966007,-13.6529681610283,2016-09-01,2017-08-01,Formacao_natural,NA,NA
395,-45.7114386634003,-13.6500945170956,2016-09-01,2017-08-01,Formacao_natural,NA,NA
396,-45.7026089576657,-13.6474055850549,2016-09-01,2017-08-01,Formacao_natural,NA,NA
397,-45.6940391597046,-13.6440802655853,2016-09-01,2017-08-01,Formacao_natural,NA,NA
398,-45.6840913927957,-13.6426794677794,2016-09-01,2017-08-01,Formacao_natural,NA,NA
399,-45.6759147714356,-13.6390242139913,2016-09-01,2017-08-01,Formacao_natural,NA,NA
400,-45.6671919125869,-13.6368425396802,2016-09-01,2017-08-01,Formacao_natural,NA,NA
401,-45.658425187151,-13.6340943422474,2016-09-01,2017-08-01,Formacao_natural,NA,NA
402,-45.649012092731,-13.6313166350245,2016-09-01,2017-08-01,Formacao_natural,NA,NA
403,-45.6399383075805,-13.6287786482699,2016-09-01,2017-08-01,Formacao_natural,NA,NA
404,-45.6308199901677,-13.626208687608,2016-09-01,2017-08-01,Formacao_natural,NA,NA
405,-45.6207587519735,-13.6243985986601,2016-09-01,2017-08-01,Formacao_natural,NA,NA
406,-45.6179723158515,-13.6363109160458,2016-09-01,2017-08-01,Formacao_natural,NA,NA
407,-45.5801544629837,-13.6373753111734,2016-09-01,2017-08-01,Formacao_natural,NA,NA
408,-45.5618562533029,-13.629559136019,2016-09-01,2017-08-01,Formacao_natural,NA,NA
409,-45.5388562261833,-13.6313059568753,2016-09-01,2017-08-01,Formacao_natural,NA,NA
410,-45.537732363019,-13.6418234111724,2016-09-01,2017-08-01,Pasture,NA,NA
411,-45.518372099394,-13.63304783216,2016-09-01,2017-08-01,Formacao_natural,NA,NA
412,-45.5273575993933,-13.6419981747864,2016-09-01,2017-08-01,Pasture,NA,NA
413,-45.5180331405881,-13.6418043229294,2016-09-01,2017-08-01,Pasture,NA,NA
414,-45.4978674801474,-13.632821555941,2016-09-01,2017-08-01,Formacao_natural,NA,NA
415,-45.4794629364579,-13.6433741600229,2016-09-01,2017-08-01,Pasture,NA,NA
416,-45.4284190229356,-13.6269054610024,2016-09-01,2017-08-01,Formacao_natural,NA,NA
417,-45.4168787035572,-13.6250469276669,2016-09-01,2017-08-01,Pasture,NA,NA
418,-45.4128833591532,-13.635423572462,2016-09-01,2017-08-01,Formacao_natural,NA,NA
419,-45.4040608799048,-13.624824525232,2016-09-01,2017-08-01,Pasture,NA,NA
420,-45.3913582406253,-13.622179477702,2016-09-01,2017-08-01,Pasture,NA,NA
421,-45.3601260475179,-13.6296189150518,2016-09-01,2017-08-01,Pasture,NA,NA
422,-45.3551070190878,-13.6175427023851,2016-09-01,2017-08-01,Pasture,NA,NA
423,-45.3466450213436,-13.6175167182682,2016-09-01,2017-08-01,Pasture,NA,NA
424,-45.3345778215248,-13.6167665636521,2016-09-01,2017-08-01,Formacao_natural,NA,NA
425,-45.3219523507737,-13.6159485484525,2016-09-01,2017-08-01,Formacao_natural,NA,NA
426,-45.3136775443561,-13.6146428446883,2016-09-01,2017-08-01,Pasture,NA,NA
427,-45.313668342104,-13.6230766970293,2016-09-01,2017-08-01,Pasture,NA,NA
428,-45.3065398110198,-13.6227458650386,2016-09-01,2017-08-01,Pasture,NA,NA
429,-45.2954638719307,-13.6123503446878,2016-09-01,2017-08-01,Formacao_natural,NA,NA
430,-45.2978809377942,-13.6219648347468,2016-09-01,2017-08-01,Pasture,NA,NA
431,-45.2895324036572,-13.62003820125,2016-09-01,2017-08-01,Pasture,NA,NA
432,-45.281406055492,-13.6199045679043,2016-09-01,2017-08-01,Pasture,NA,NA
433,-45.2815494750782,-13.6108154399309,2016-09-01,2017-08-01,Formacao_natural,NA,NA
434,-45.2415819162947,-13.6179811111871,2016-09-01,2017-08-01,Formacao_natural,NA,NA
435,-45.2339028476217,-13.6334606963411,2016-09-01,2017-08-01,Formacao_natural,NA,NA
436,-45.2158718725757,-13.6278378124405,2016-09-01,2017-08-01,Pasture,NA,NA
437,-45.2085354768519,-13.6250272412341,2016-09-01,2017-08-01,Pasture,NA,NA
438,-45.1999724999133,-13.6195951558326,2016-09-01,2017-08-01,Pasture,NA,NA
439,-45.1915167165135,-13.6150376955965,2016-09-01,2017-08-01,Pasture,NA,NA
440,-45.1925321210653,-13.6022303374988,2016-09-01,2017-08-01,Formacao_natural,NA,NA
441,-45.1716369307887,-13.5764269979608,2016-09-01,2017-08-01,Formacao_natural,NA,NA
442,-45.1622201993961,-13.5865147359557,2016-09-01,2017-08-01,Formacao_natural,NA,NA
443,-45.1520989311489,-13.5825756160215,2016-09-01,2017-08-01,Formacao_natural,NA,NA
444,-45.1578452015596,-13.5701578237488,2016-09-01,2017-08-01,Formacao_natural,NA,NA
445,-45.1350747838302,-13.5739216534504,2016-09-01,2017-08-01,Formacao_natural,NA,NA
446,-45.1444820089227,-13.5598465889366,2016-09-01,2017-08-01,Formacao_natural,NA,NA
447,-45.1341474828369,-13.547756532203,2016-09-01,2017-08-01,Formacao_natural,NA,NA
448,-45.1239757559474,-13.5643240758159,2016-09-01,2017-08-01,Formacao_natural,NA,NA
449,-45.1104889419714,-13.5600537655174,2016-09-01,2017-08-01,Formacao_natural,NA,NA
450,-45.1111987728202,-13.5417647875769,2016-09-01,2017-08-01,Formacao_natural,NA,NA
451,-45.1003640138343,-13.5598260978306,2016-09-01,2017-08-01,Formacao_natural,NA,NA
452,-45.0928829657081,-13.5405757085259,2016-09-01,2017-08-01,Formacao_natural,NA,NA
453,-45.0844923621205,-13.5604744115244,2016-09-01,2017-08-01,Formacao_natural,NA,NA
454,-45.0806742123129,-13.5433728681099,2016-09-01,2017-08-01,Formacao_natural,NA,NA
455,-45.0674811952053,-13.5604747565488,2016-09-01,2017-08-01,Formacao_natural,NA,NA
456,-45.065095024945,-13.5448076319337,2016-09-01,2017-08-01,Formacao_natural,NA,NA
457,-45.0438793620813,-13.5542237146447,2016-09-01,2017-08-01,Formacao_natural,NA,NA
458,-45.0528786111903,-13.5343401799748,2016-09-01,2017-08-01,Formacao_natural,NA,NA
459,-45.0240553694524,-13.5358071798435,2016-09-01,2017-08-01,Formacao_natural,NA,NA
460,-45.0408476224977,-13.5207190525696,2016-09-01,2017-08-01,Formacao_natural,NA,NA
461,-45.0241852711864,-13.5090185528718,2016-09-01,2017-08-01,Formacao_natural,NA,NA
462,-45.0461279570414,-12.425002988625,2016-09-01,2017-08-01,Formacao_natural,NA,NA
463,-45.0740386504895,-12.4282621856563,2016-09-01,2017-08-01,Formacao_florestal,NA,NA
464,-45.0932213718096,-12.4219563164004,2016-09-01,2017-08-01,Formacao_florestal,NA,NA
465,-45.1109480533705,-12.4409787226929,2016-09-01,2017-08-01,Formacao_natural,NA,NA
466,-45.1171673169734,-12.4321153645462,2016-09-01,2017-08-01,Formacao_natural,NA,NA
467,-45.1154979063743,-12.447432655761,2016-09-01,2017-08-01,Formacao_natural,NA,NA
468,-45.1268936511656,-12.4427701126242,2016-09-01,2017-08-01,Formacao_natural,NA,NA
469,-45.1218184218293,-12.4549116911102,2016-09-01,2017-08-01,Formacao_natural,NA,NA
470,-45.1382541002453,-12.467117165267,2016-09-01,2017-08-01,Formacao_natural,NA,NA
471,-45.1420481248633,-12.4492532880678,2016-09-01,2017-08-01,Formacao_natural,NA,NA
472,-45.1527245800326,-12.4599337033428,2016-09-01,2017-08-01,Formacao_natural,NA,NA
473,-45.1592806906379,-12.485349463749,2016-09-01,2017-08-01,Formacao_natural,NA,NA
474,-45.1755362979735,-12.47009196516,2016-09-01,2017-08-01,Formacao_natural,NA,NA
475,-45.1757104843112,-12.4928813415785,2016-09-01,2017-08-01,Formacao_natural,NA,NA
476,-45.1907787115989,-12.4992316238095,2016-09-01,2017-08-01,Formacao_natural,NA,NA
477,-45.1878414417472,-12.4797543140275,2016-09-01,2017-08-01,Formacao_natural,NA,NA
478,-45.2162856614411,-12.4837090638032,2016-09-01,2017-08-01,Formacao_florestal,NA,NA
479,-45.215344814443,-12.4937881903192,2016-09-01,2017-08-01,Formacao_natural,NA,NA
480,-45.225874342971,-12.4926591326342,2016-09-01,2017-08-01,Formacao_natural,NA,NA
481,-45.2522418600003,-12.4843224658494,2016-09-01,2017-08-01,Formacao_natural,NA,NA
482,-45.2525693061601,-12.4980642809374,2016-09-01,2017-08-01,Pasture,NA,NA
483,-45.279135338112,-12.5080237940818,2016-09-01,2017-08-01,Formacao_natural,NA,NA
484,-45.2931392323609,-12.5220224900663,2016-09-01,2017-08-01,Formacao_natural,NA,NA
485,-45.3027505980305,-12.5311780517862,2016-09-01,2017-08-01,Formacao_natural,NA,NA
486,-45.3278260436147,-12.5330203504044,2016-09-01,2017-08-01,Formacao_florestal,NA,NA
487,-45.3277842390008,-12.5512300004077,2016-09-01,2017-08-01,Formacao_florestal,NA,NA
488,-45.3525623803831,-12.5616051746547,2016-09-01,2017-08-01,Pasture,NA,NA
489,-45.3589270159648,-12.5518894862946,2016-09-01,2017-08-01,Pasture,NA,NA
490,-45.3680382312164,-12.553749548524,2016-09-01,2017-08-01,Formacao_natural,NA,NA
491,-45.3810527084078,-12.5581884913663,2016-09-01,2017-08-01,Formacao_natural,NA,NA
492,-45.4248104998027,-12.5767828053799,2016-09-01,2017-08-01,Formacao_natural,NA,NA
493,-45.43126630568,-12.5983971241844,2016-09-01,2017-08-01,Formacao_natural,NA,NA
494,-45.4870903267389,-12.6176030078601,2016-09-01,2017-08-01,Pasture,NA,NA
495,-45.5667394379945,-12.6521171327586,2016-09-01,2017-08-01,Pasture,NA,NA
496,-45.571190189982,-12.6397374871725,2016-09-01,2017-08-01,Pasture,NA,NA
497,-45.5800558162877,-12.6576516581905,2016-09-01,2017-08-01,Pasture,NA,NA
498,-45.6234594699499,-12.6604609443626,2016-09-01,2017-08-01,Formacao_natural,NA,NA
499,-45.6152458904873,-12.6731172260648,2016-09-01,2017-08-01,Formacao_natural,NA,NA
500,-45.6680326205336,-12.7017082153107,2016-09-01,2017-08-01,Pasture,NA,NA
501,-45.6816631403638,-12.7057958418944,2016-09-01,2017-08-01,Pasture,NA,NA
502,-45.721181685123,-12.7151144979371,2016-09-01,2017-08-01,Formacao_natural,NA,NA
503,-45.7541499295527,-12.7615551062028,2016-09-01,2017-08-01,Pasture,NA,NA
504,-45.7689403611834,-12.7522670116671,2016-09-01,2017-08-01,Pasture,NA,NA
505,-45.7666873578554,-12.77240818949,2016-09-01,2017-08-01,Pasture,NA,NA
506,-45.7867226726745,-12.7828660672701,2016-09-01,2017-08-01,Pasture,NA,NA
507,-45.7958072762561,-12.773576900702,2016-09-01,2017-08-01,Pasture,NA,NA
508,-45.808406384657,-12.7843267267942,2016-09-01,2017-08-01,Pasture,NA,NA
509,-45.9477305177905,-12.8017510515436,2016-09-01,2017-08-01,Formacao_natural,NA,NA
510,-45.9039269666368,-12.5882850529815,2016-09-01,2017-08-01,Formacao_natural,NA,NA
511,-45.8675877518923,-12.4161017485856,2016-09-01,2017-08-01,Formacao_natural,NA,NA
512,-45.8730112165589,-12.3965772087321,2016-09-01,2017-08-01,Formacao_natural,NA,NA
513,-45.8715264348902,-12.389855234923,2016-09-01,2017-08-01,Formacao_natural,NA,NA
514,-45.8710149759207,-12.3822277313378,2016-09-01,2017-08-01,Formacao_natural,NA,NA
515,-45.8557872827925,-12.3563728676829,2016-09-01,2017-08-01,Pasture,NA,NA
516,-45.8552216122034,-12.3500864034661,2016-09-01,2017-08-01,Pasture,NA,NA
517,-45.8532410833978,-12.3428810146307,2016-09-01,2017-08-01,Pasture,NA,NA
518,-45.8424080589296,-12.3337853892975,2016-09-01,2017-08-01,Formacao_natural,NA,NA
519,-45.8451657078033,-12.3249813038129,2016-09-01,2017-08-01,Formacao_natural,NA,NA
520,-45.8444163103423,-12.3096318590699,2016-09-01,2017-08-01,Pasture,NA,NA
521,-45.8400641279165,-12.2822035966185,2016-09-01,2017-08-01,Pasture,NA,NA
522,-45.8371399516899,-12.2703394934484,2016-09-01,2017-08-01,Pasture,NA,NA
523,-45.1630509176791,-12.3297751236187,2016-09-01,2017-08-01,Formacao_natural,NA,NA
524,-45.1630509176791,-12.3297751236187,2016-09-01,2017-08-01,Formacao_natural,NA,NA
525,-45.1630509176791,-12.3297751236187,2016-09-01,2017-08-01,Formacao_natural,NA,NA
526,-45.1630509176791,-12.3297751236187,2016-09-01,2017-08-01,Formacao_natural,NA,NA
527,-45.1630509176791,-12.3297751236187,2016-09-01,2017-08-01,Formacao_natural,NA,NA
528,-45.1630509176791,-12.3297751236187,2016-09-01,2017-08-01,Formacao_natural,NA,NA
529,-45.1630509176791,-12.3297751236187,2016-09-01,2017-08-01,Formacao_natural,NA,NA
530,-45.1344437066473,-12.2750391356715,2016-09-01,2017-08-01,Formacao_natural,NA,NA
531,-45.1344437066473,-12.2750391356715,2016-09-01,2017-08-01,Formacao_natural,NA,NA
532,-45.1344437066473,-12.2750391356715,2016-09-01,2017-08-01,Formacao_natural,NA,NA
533,-45.1344437066473,-12.2750391356715,2016-09-01,2017-08-01,Formacao_natural,NA,NA
534,-45.1344437066473,-12.2750391356715,2016-09-01,2017-08-01,Formacao_natural,NA,NA
535,-45.1344437066473,-12.2750391356715,2016-09-01,2017-08-01,Formacao_natural,NA,NA
536,-45.1344437066473,-12.2750391356715,2016-09-01,2017-08-01,Formacao_natural,NA,NA
537,-45.1344437066473,-12.2750391356715,2016-09-01,2017-08-01,Formacao_natural,NA,NA
538,-45.1344437066473,-12.2750391356715,2016-09-01,2017-08-01,Formacao_natural,NA,NA
539,-45.1344437066473,-12.2750391356715,2016-09-01,2017-08-01,Formacao_natural,NA,NA
540,-45.1344437066473,-12.2750391356715,2016-09-01,2017-08-01,Formacao_natural,NA,NA
541,-45.6273495755371,-13.1572122817869,2016-09-01,2017-08-01,Formacao_florestal,NA,NA
542,-45.6273495755371,-13.1572122817869,2016-09-01,2017-08-01,Formacao_florestal,NA,NA
543,-45.6273495755371,-13.1572122817869,2016-09-01,2017-08-01,Formacao_florestal,NA,NA
544,-45.6273495755371,-13.1572122817869,2016-09-01,2017-08-01,Formacao_florestal,NA,NA
545,-45.6273495755371,-13.1572122817869,2016-09-01,2017-08-01,Formacao_florestal,NA,NA
546,-45.6273495755371,-13.1572122817869,2016-09-01,2017-08-01,Formacao_florestal,NA,NA
547,-45.6273495755371,-13.1572122817869,2016-09-01,2017-08-01,Formacao_florestal,NA,NA
548,-45.6273495755371,-13.1572122817869,2016-09-01,2017-08-01,Formacao_florestal,NA,NA
549,-45.6273495755371,-13.1572122817869,2016-09-01,2017-08-01,Formacao_florestal,NA,NA
550,-45.2647327647063,-12.2924071954802,2016-09-01,2017-08-01,Formacao_florestal,NA,NA
551,-45.2647327647063,-12.2924071954802,2016-09-01,2017-08-01,Formacao_florestal,NA,NA
552,-45.2647327647063,-12.2924071954802,2016-09-01,2017-08-01,Formacao_florestal,NA,NA
553,-45.2647327647063,-12.2924071954802,2016-09-01,2017-08-01,Formacao_florestal,NA,NA
554,-45.2647327647063,-12.2924071954802,2016-09-01,2017-08-01,Formacao_florestal,NA,NA
555,-45.2647327647063,-12.2924071954802,2016-09-01,2017-08-01,Formacao_florestal,NA,NA
556,-45.2647327647063,-12.2924071954802,2016-09-01,2017-08-01,Formacao_florestal,NA,NA
557,-45.2647327647063,-12.2924071954802,2016-09-01,2017-08-01,Formacao_florestal,NA,NA
558,-45.2647327647063,-12.2924071954802,2016-09-01,2017-08-01,Formacao_florestal,NA,NA
559,-45.2647327647063,-12.2924071954802,2016-09-01,2017-08-01,Formacao_florestal,NA,NA
560,-45.2647327647063,-12.2924071954802,2016-09-01,2017-08-01,Formacao_florestal,NA,NA
561,-45.2158886007554,-12.7185744694953,2016-09-01,2017-08-01,Formacao_natural,NA,NA
562,-45.2158886007554,-12.7185744694953,2016-09-01,2017-08-01,Formacao_natural,NA,NA
563,-45.2158886007554,-12.7185744694953,2016-09-01,2017-08-01,Formacao_natural,NA,NA
564,-45.2158886007554,-12.7185744694953,2016-09-01,2017-08-01,Formacao_natural,NA,NA
565,-45.2158886007554,-12.7185744694953,2016-09-01,2017-08-01,Formacao_natural,NA,NA
566,-45.2158886007554,-12.7185744694953,2016-09-01,2017-08-01,Formacao_natural,NA,NA
567,-45.2158886007554,-12.7185744694953,2016-09-01,2017-08-01,Formacao_natural,NA,NA
568,-45.3105155393197,-13.0310081133838,2016-09-01,2017-08-01,Formacao_natural,NA,NA
569,-45.3105155393197,-13.0310081133838,2016-09-01,2017-08-01,Formacao_natural,NA,NA
570,-45.3105155393197,-13.0310081133838,2016-09-01,2017-08-01,Formacao_natural,NA,NA
571,-45.3105155393197,-13.0310081133838,2016-09-01,2017-08-01,Formacao_natural,NA,NA
572,-45.3105155393197,-13.0310081133838,2016-09-01,2017-08-01,Formacao_natural,NA,NA
573,-45.3105155393197,-13.0310081133838,2016-09-01,2017-08-01,Formacao_natural,NA,NA
574,-45.3105155393197,-13.0310081133838,2016-09-01,2017-08-01,Formacao_natural,NA,NA
575,-45.3105155393197,-13.0310081133838,2016-09-01,2017-08-01,Formacao_natural,NA,NA
576,-45.3105155393197,-13.0310081133838,2016-09-01,2017-08-01,Formacao_natural,NA,NA
577,-45.3105155393197,-13.0310081133838,2016-09-01,2017-08-01,Formacao_natural,NA,NA
578,-45.3105155393197,-13.0310081133838,2016-09-01,2017-08-01,Formacao_natural,NA,NA
579,-45.0556837100914,-13.1225813102575,2016-09-01,2017-08-01,Formacao_natural,NA,NA
580,-45.0556837100914,-13.1225813102575,2016-09-01,2017-08-01,Formacao_natural,NA,NA
581,-45.0556837100914,-13.1225813102575,2016-09-01,2017-08-01,Formacao_natural,NA,NA
582,-45.0556837100914,-13.1225813102575,2016-09-01,2017-08-01,Formacao_natural,NA,NA
583,-45.0556837100914,-13.1225813102575,2016-09-01,2017-08-01,Formacao_natural,NA,NA
584,-45.0556837100914,-13.1225813102575,2016-09-01,2017-08-01,Formacao_natural,NA,NA
585,-45.0556837100914,-13.1225813102575,2016-09-01,2017-08-01,Formacao_natural,NA,NA
586,-45.0556837100914,-13.1225813102575,2016-09-01,2017-08-01,Formacao_natural,NA,NA
587,-45.0556837100914,-13.1225813102575,2016-09-01,2017-08-01,Formacao_natural,NA,NA
588,-45.0556837100914,-13.1225813102575,2016-09-01,2017-08-01,Formacao_natural,NA,NA
589,-45.0556837100914,-13.1225813102575,2016-09-01,2017-08-01,Formacao_natural,NA,NA
590,-45.4830224430989,-13.0935126476774,2016-09-01,2017-08-01,Formacao_natural,NA,NA
591,-45.4830224430989,-13.0935126476774,2016-09-01,2017-08-01,Formacao_natural,NA,NA
592,-45.4830224430989,-13.0935126476774,2016-09-01,2017-08-01,Formacao_natural,NA,NA
593,-45.4830224430989,-13.0935126476774,2016-09-01,2017-08-01,Formacao_natural,NA,NA
594,-45.4830224430989,-13.0935126476774,2016-09-01,2017-08-01,Formacao_natural,NA,NA
595,-45.4830224430989,-13.0935126476774,2016-09-01,2017-08-01,Formacao_natural,NA,NA
596,-45.4830224430989,-13.0935126476774,2016-09-01,2017-08-01,Formacao_natural,NA,NA
597,-45.4830224430989,-13.0935126476774,2016-09-01,2017-08-01,Formacao_natural,NA,NA
598,-45.4830224430989,-13.0935126476774,2016-09-01,2017-08-01,Formacao_natural,NA,NA
599,-45.4830224430989,-13.0935126476774,2016-09-01,2017-08-01,Formacao_natural,NA,NA
600,-45.0541043429661,-13.2541966350776,2016-09-01,2017-08-01,Formacao_natural,NA,NA
601,-45.0541043429661,-13.2541966350776,2016-09-01,2017-08-01,Formacao_natural,NA,NA
602,-45.0541043429661,-13.2541966350776,2016-09-01,2017-08-01,Formacao_natural,NA,NA
603,-45.0541043429661,-13.2541966350776,2016-09-01,2017-08-01,Formacao_natural,NA,NA
604,-45.0541043429661,-13.2541966350776,2016-09-01,2017-08-01,Formacao_natural,NA,NA
605,-45.0541043429661,-13.2541966350776,2016-09-01,2017-08-01,Formacao_natural,NA,NA
606,-45.0541043429661,-13.2541966350776,2016-09-01,2017-08-01,Formacao_natural,NA,NA
607,-45.0541043429661,-13.2541966350776,2016-09-01,2017-08-01,Formacao_natural,NA,NA
608,-45.0541043429661,-13.2541966350776,2016-09-01,2017-08-01,Formacao_natural,NA,NA
609,-45.0541043429661,-13.2541966350776,2016-09-01,2017-08-01,Formacao_natural,NA,NA
610,-45.0541043429661,-13.2541966350776,2016-09-01,2017-08-01,Formacao_natural,NA,NA
611,-45.1517525190654,-13.2902224353785,2016-09-01,2017-08-01,Formacao_natural,NA,NA
612,-45.1517525190654,-13.2902224353785,2016-09-01,2017-08-01,Formacao_natural,NA,NA
613,-45.1517525190654,-13.2902224353785,2016-09-01,2017-08-01,Formacao_natural,NA,NA
614,-45.1517525190654,-13.2902224353785,2016-09-01,2017-08-01,Formacao_natural,NA,NA
615,-45.1517525190654,-13.2902224353785,2016-09-01,2017-08-01,Formacao_natural,NA,NA
616,-45.1517525190654,-13.2902224353785,2016-09-01,2017-08-01,Formacao_natural,NA,NA
617,-45.1517525190654,-13.2902224353785,2016-09-01,2017-08-01,Formacao_natural,NA,NA
618,-45.1517525190654,-13.2902224353785,2016-09-01,2017-08-01,Formacao_natural,NA,NA
619,-45.1517525190654,-13.2902224353785,2016-09-01,2017-08-01,Formacao_natural,NA,NA
620,-45.1517525190654,-13.2902224353785,2016-09-01,2017-08-01,Formacao_natural,NA,NA
621,-45.1517525190654,-13.2902224353785,2016-09-01,2017-08-01,Formacao_natural,NA,NA
622,-45.5460867404432,-13.5951833351227,2016-09-01,2017-08-01,Formacao_natural,NA,NA
623,-45.5460867404432,-13.5951833351227,2016-09-01,2017-08-01,Formacao_natural,NA,NA
624,-45.5460867404432,-13.5951833351227,2016-09-01,2017-08-01,Formacao_natural,NA,NA
625,-45.5460867404432,-13.5951833351227,2016-09-01,2017-08-01,Formacao_natural,NA,NA
626,-45.5460867404432,-13.5951833351227,2016-09-01,2017-08-01,Formacao_natural,NA,NA
627,-45.5460867404432,-13.5951833351227,2016-09-01,2017-08-01,Formacao_natural,NA,NA
628,-45.5460867404432,-13.5951833351227,2016-09-01,2017-08-01,Formacao_natural,NA,NA
629,-45.5460867404432,-13.5951833351227,2016-09-01,2017-08-01,Formacao_natural,NA,NA
630,-45.5460867404432,-13.5951833351227,2016-09-01,2017-08-01,Formacao_natural,NA,NA
631,-45.5460867404432,-13.5951833351227,2016-09-01,2017-08-01,Formacao_natural,NA,NA
632,-45.5460867404432,-13.5951833351227,2016-09-01,2017-08-01,Formacao_natural,NA,NA
633,-45.1249112052404,-13.5363599911557,2016-09-01,2017-08-01,Formacao_natural,NA,NA
634,-45.1249112052404,-13.5363599911557,2016-09-01,2017-08-01,Formacao_natural,NA,NA
635,-45.1249112052404,-13.5363599911557,2016-09-01,2017-08-01,Formacao_natural,NA,NA
636,-45.1249112052404,-13.5363599911557,2016-09-01,2017-08-01,Formacao_natural,NA,NA
637,-45.1249112052404,-13.5363599911557,2016-09-01,2017-08-01,Formacao_natural,NA,NA
638,-45.1249112052404,-13.5363599911557,2016-09-01,2017-08-01,Formacao_natural,NA,NA
639,-45.1249112052404,-13.5363599911557,2016-09-01,2017-08-01,Formacao_natural,NA,NA
640,-45.1249112052404,-13.5363599911557,2016-09-01,2017-08-01,Formacao_natural,NA,NA
641,-45.1249112052404,-13.5363599911557,2016-09-01,2017-08-01,Formacao_natural,NA,NA
642,-45.1249112052404,-13.5363599911557,2016-09-01,2017-08-01,Formacao_natural,NA,NA
643,-45.1249112052404,-13.5363599911557,2016-09-01,2017-08-01,Formacao_natural,NA,NA
644,-45.9303814326299,-13.4266223422384,2016-09-01,2017-08-01,Formacao_natural,NA,NA
645,-45.9303814326299,-13.4266223422384,2016-09-01,2017-08-01,Formacao_natural,NA,NA
646,-45.9303814326299,-13.4266223422384,2016-09-01,2017-08-01,Formacao_natural,NA,NA
647,-45.9303814326299,-13.4266223422384,2016-09-01,2017-08-01,Formacao_natural,NA,NA
648,-45.9303814326299,-13.4266223422384,2016-09-01,2017-08-01,Formacao_natural,NA,NA
649,-45.9303814326299,-13.4266223422384,2016-09-01,2017-08-01,Formacao_natural,NA,NA
650,-45.9303814326299,-13.4266223422384,2016-09-01,2017-08-01,Formacao_natural,NA,NA
651,-45.9303814326299,-13.4266223422384,2016-09-01,2017-08-01,Formacao_natural,NA,NA
652,-45.9303814326299,-13.4266223422384,2016-09-01,2017-08-01,Formacao_natural,NA,NA
653,-45.9303814326299,-13.4266223422384,2016-09-01,2017-08-01,Formacao_natural,NA,NA
654,-45.9303814326299,-13.4266223422384,2016-09-01,2017-08-01,Formacao_natural,NA,NA
655,-45.8857025224301,-13.4923424159962,2016-09-01,2017-08-01,Formacao_natural,NA,NA
656,-45.8857025224301,-13.4923424159962,2016-09-01,2017-08-01,Formacao_natural,NA,NA
657,-45.8857025224301,-13.4923424159962,2016-09-01,2017-08-01,Formacao_natural,NA,NA
658,-45.8857025224301,-13.4923424159962,2016-09-01,2017-08-01,Formacao_natural,NA,NA
659,-45.8857025224301,-13.4923424159962,2016-09-01,2017-08-01,Formacao_natural,NA,NA
660,-45.8857025224301,-13.4923424159962,2016-09-01,2017-08-01,Formacao_natural,NA,NA
661,-45.8857025224301,-13.4923424159962,2016-09-01,2017-08-01,Formacao_natural,NA,NA
662,-45.8857025224301,-13.4923424159962,2016-09-01,2017-08-01,Formacao_natural,NA,NA
663,-45.8857025224301,-13.4923424159962,2016-09-01,2017-08-01,Formacao_natural,NA,NA
664,-45.8857025224301,-13.4923424159962,2016-09-01,2017-08-01,Formacao_natural,NA,NA
665,-45.8857025224301,-13.4923424159962,2016-09-01,2017-08-01,Formacao_natural,NA,NA
666,-45.2448473752534,-13.6468953909727,2016-09-01,2017-08-01,Formacao_natural,NA,NA
667,-45.2448473752534,-13.6468953909727,2016-09-01,2017-08-01,Formacao_natural,NA,NA
668,-45.2448473752534,-13.6468953909727,2016-09-01,2017-08-01,Formacao_natural,NA,NA
669,-45.2448473752534,-13.6468953909727,2016-09-01,2017-08-01,Formacao_natural,NA,NA
670,-45.2448473752534,-13.6468953909727,2016-09-01,2017-08-01,Formacao_natural,NA,NA
671,-45.2448473752534,-13.6468953909727,2016-09-01,2017-08-01,Formacao_natural,NA,NA
672,-45.2448473752534,-13.6468953909727,2016-09-01,2017-08-01,Formacao_natural,NA,NA
673,-45.2448473752534,-13.6468953909727,2016-09-01,2017-08-01,Formacao_natural,NA,NA
674,-45.2448473752534,-13.6468953909727,2016-09-01,2017-08-01,Formacao_natural,NA,NA
675,-45.2448473752534,-13.6468953909727,2016-09-01,2017-08-01,Formacao_natural,NA,NA
676,-45.2448473752534,-13.6468953909727,2016-09-01,2017-08-01,Formacao_natural,NA,NA
677,-45.3449153014658,-13.0055086899477,2016-09-01,2017-08-01,Formacao_natural,NA,NA
678,-45.3449153014658,-13.0055086899477,2016-09-01,2017-08-01,Formacao_natural,NA,NA
679,-45.3449153014658,-13.0055086899477,2016-09-01,2017-08-01,Formacao_natural,NA,NA
680,-45.3449153014658,-13.0055086899477,2016-09-01,2017-08-01,Formacao_natural,NA,NA
681,-45.3449153014658,-13.0055086899477,2016-09-01,2017-08-01,Formacao_natural,NA,NA
682,-45.3449153014658,-13.0055086899477,2016-09-01,2017-08-01,Formacao_natural,NA,NA
683,-45.3449153014658,-13.0055086899477,2016-09-01,2017-08-01,Formacao_natural,NA,NA
684,-45.3449153014658,-13.0055086899477,2016-09-01,2017-08-01,Formacao_natural,NA,NA
685,-45.3449153014658,-13.0055086899477,2016-09-01,2017-08-01,Formacao_natural,NA,NA
686,-45.3449153014658,-13.0055086899477,2016-09-01,2017-08-01,Formacao_natural,NA,NA
687,-45.3449153014658,-13.0055086899477,2016-09-01,2017-08-01,Formacao_natural,NA,NA
688,-45.4435940606269,-13.0291503893576,2016-09-01,2017-08-01,Formacao_natural,NA,NA
689,-45.4435940606269,-13.0291503893576,2016-09-01,2017-08-01,Formacao_natural,NA,NA
690,-45.4435940606269,-13.0291503893576,2016-09-01,2017-08-01,Formacao_natural,NA,NA
691,-45.4435940606269,-13.0291503893576,2016-09-01,2017-08-01,Formacao_natural,NA,NA
692,-45.4435940606269,-13.0291503893576,2016-09-01,2017-08-01,Formacao_natural,NA,NA
693,-45.4435940606269,-13.0291503893576,2016-09-01,2017-08-01,Formacao_natural,NA,NA
694,-45.4435940606269,-13.0291503893576,2016-09-01,2017-08-01,Formacao_natural,NA,NA
695,-45.4435940606269,-13.0291503893576,2016-09-01,2017-08-01,Formacao_natural,NA,NA
696,-45.4435940606269,-13.0291503893576,2016-09-01,2017-08-01,Formacao_natural,NA,NA
697,-45.4435940606269,-13.0291503893576,2016-09-01,2017-08-01,Formacao_natural,NA,NA
698,-45.5649204050282,-13.1630772713831,2016-09-01,2017-08-01,Formacao_natural,NA,NA
699,-45.5649204050282,-13.1630772713831,2016-09-01,2017-08-01,Formacao_natural,NA,NA
700,-45.5649204050282,-13.1630772713831,2016-09-01,2017-08-01,Formacao_natural,NA,NA
701,-45.5649204050282,-13.1630772713831,2016-09-01,2017-08-01,Formacao_natural,NA,NA
702,-45.5649204050282,-13.1630772713831,2016-09-01,2017-08-01,Formacao_natural,NA,NA
703,-45.5649204050282,-13.1630772713831,2016-09-01,2017-08-01,Formacao_natural,NA,NA
704,-45.5649204050282,-13.1630772713831,2016-09-01,2017-08-01,Formacao_natural,NA,NA
705,-45.5649204050282,-13.1630772713831,2016-09-01,2017-08-01,Formacao_natural,NA,NA
706,-45.5649204050282,-13.1630772713831,2016-09-01,2017-08-01,Formacao_natural,NA,NA
707,-45.5649204050282,-13.1630772713831,2016-09-01,2017-08-01,Formacao_natural,NA,NA
708,-46.6500716436296,-12.4664053068596,2016-09-01,2017-08-01,Formacao_natural,NA,NA
709,-46.6500716436296,-12.4664053068596,2016-09-01,2017-08-01,Formacao_natural,NA,NA
710,-46.6500716436296,-12.4664053068596,2016-09-01,2017-08-01,Formacao_natural,NA,NA
711,-46.6500716436296,-12.4664053068596,2016-09-01,2017-08-01,Formacao_natural,NA,NA
712,-46.6500716436296,-12.4664053068596,2016-09-01,2017-08-01,Formacao_natural,NA,NA
713,-46.6500716436296,-12.4664053068596,2016-09-01,2017-08-01,Formacao_natural,NA,NA
714,-46.6500716436296,-12.4664053068596,2016-09-01,2017-08-01,Formacao_natural,NA,NA
715,-46.6500716436296,-12.4664053068596,2016-09-01,2017-08-01,Formacao_natural,NA,NA
716,-46.6500716436296,-12.4664053068596,2016-09-01,2017-08-01,Formacao_natural,NA,NA
717,-46.6500716436296,-12.4664053068596,2016-09-01,2017-08-01,Formacao_natural,NA,NA
718,-45.1630509176791,-12.3297751236187,2016-09-01,2017-08-01,Formacao_natural,NA,NA
719,-45.1630509176791,-12.3297751236187,2016-09-01,2017-08-01,Formacao_natural,NA,NA
720,-45.1344437066473,-12.2750391356715,2016-09-01,2017-08-01,Formacao_natural,NA,NA
721,-45.1344437066473,-12.2750391356715,2016-09-01,2017-08-01,Formacao_natural,NA,NA
722,-45.6273495755371,-13.1572122817869,2016-09-01,2017-08-01,Formacao_florestal,NA,NA
723,-45.6273495755371,-13.1572122817869,2016-09-01,2017-08-01,Formacao_florestal,NA,NA
724,-45.6273495755371,-13.1572122817869,2016-09-01,2017-08-01,Formacao_florestal,NA,NA
725,-45.2647327647063,-12.2924071954802,2016-09-01,2017-08-01,Formacao_florestal,NA,NA
726,-45.2647327647063,-12.2924071954802,2016-09-01,2017-08-01,Formacao_florestal,NA,NA
727,-45.2647327647063,-12.2924071954802,2016-09-01,2017-08-01,Formacao_florestal,NA,NA
728,-45.2158886007554,-12.7185744694953,2016-09-01,2017-08-01,Formacao_natural,NA,NA
729,-45.2158886007554,-12.7185744694953,2016-09-01,2017-08-01,Formacao_natural,NA,NA
730,-45.2158886007554,-12.7185744694953,2016-09-01,2017-08-01,Formacao_natural,NA,NA
731,-45.3105155393197,-13.0310081133838,2016-09-01,2017-08-01,Formacao_natural,NA,NA
732,-45.3105155393197,-13.0310081133838,2016-09-01,2017-08-01,Formacao_natural,NA,NA
733,-45.3105155393197,-13.0310081133838,2016-09-01,2017-08-01,Formacao_natural,NA,NA
734,-45.0556837100914,-13.1225813102575,2016-09-01,2017-08-01,Formacao_natural,NA,NA
735,-45.0556837100914,-13.1225813102575,2016-09-01,2017-08-01,Formacao_natural,NA,NA
736,-45.0556837100914,-13.1225813102575,2016-09-01,2017-08-01,Formacao_natural,NA,NA
737,-45.4830224430989,-13.0935126476774,2016-09-01,2017-08-01,Formacao_natural,NA,NA
738,-45.4830224430989,-13.0935126476774,2016-09-01,2017-08-01,Formacao_natural,NA,NA
739,-45.4830224430989,-13.0935126476774,2016-09-01,2017-08-01,Formacao_natural,NA,NA
740,-45.0541043429661,-13.2541966350776,2016-09-01,2017-08-01,Formacao_natural,NA,NA
741,-45.0541043429661,-13.2541966350776,2016-09-01,2017-08-01,Formacao_natural,NA,NA
742,-45.0541043429661,-13.2541966350776,2016-09-01,2017-08-01,Formacao_natural,NA,NA
743,-45.1517525190654,-13.2902224353785,2016-09-01,2017-08-01,Formacao_natural,NA,NA
744,-45.1517525190654,-13.2902224353785,2016-09-01,2017-08-01,Formacao_natural,NA,NA
745,-45.1517525190654,-13.2902224353785,2016-09-01,2017-08-01,Formacao_natural,NA,NA
746,-45.5460867404432,-13.5951833351227,2016-09-01,2017-08-01,Formacao_natural,NA,NA
747,-45.5460867404432,-13.5951833351227,2016-09-01,2017-08-01,Formacao_natural,NA,NA
748,-45.5460867404432,-13.5951833351227,2016-09-01,2017-08-01,Formacao_natural,NA,NA
749,-45.1249112052404,-13.5363599911557,2016-09-01,2017-08-01,Formacao_natural,NA,NA
750,-45.1249112052404,-13.5363599911557,2016-09-01,2017-08-01,Formacao_natural,NA,NA
751,-45.1249112052404,-13.5363599911557,2016-09-01,2017-08-01,Formacao_natural,NA,NA
752,-45.9303814326299,-13.4266223422384,2016-09-01,2017-08-01,Formacao_natural,NA,NA
753,-45.9303814326299,-13.4266223422384,2016-09-01,2017-08-01,Formacao_natural,NA,NA
754,-45.9303814326299,-13.4266223422384,2016-09-01,2017-08-01,Formacao_natural,NA,NA
755,-45.8857025224301,-13.4923424159962,2016-09-01,2017-08-01,Formacao_natural,NA,NA
756,-45.8857025224301,-13.4923424159962,2016-09-01,2017-08-01,Formacao_natural,NA,NA
757,-45.8857025224301,-13.4923424159962,2016-09-01,2017-08-01,Formacao_natural,NA,NA
758,-45.2448473752534,-13.6468953909727,2016-09-01,2017-08-01,Formacao_natural,NA,NA
759,-45.2448473752534,-13.6468953909727,2016-09-01,2017-08-01,Formacao_natural,NA,NA
760,-45.2448473752534,-13.6468953909727,2016-09-01,2017-08-01,Formacao_natural,NA,NA
761,-45.3449153014658,-13.0055086899477,2016-09-01,2017-08-01,Formacao_natural,NA,NA
762,-45.3449153014658,-13.0055086899477,2016-09-01,2017-08-01,Formacao_natural,NA,NA
763,-45.3449153014658,-13.0055086899477,2016-09-01,2017-08-01,Formacao_natural,NA,NA
764,-45.4435940606269,-13.0291503893576,2016-09-01,2017-08-01,Formacao_natural,NA,NA
765,-45.4435940606269,-13.0291503893576,2016-09-01,2017-08-01,Formacao_natural,NA,NA
766,-45.5649204050282,-13.1630772713831,2016-09-01,2017-08-01,Formacao_natural,NA,NA
767,-45.5649204050282,-13.1630772713831,2016-09-01,2017-08-01,Formacao_natural,NA,NA
768,-45.5649204050282,-13.1630772713831,2016-09-01,2017-08-01,Formacao_natural,NA,NA
769,-46.6500716436296,-12.4664053068596,2016-09-01,2017-08-01,Formacao_natural,NA,NA
770,-46.6500716436296,-12.4664053068596,2016-09-01,2017-08-01,Formacao_natural,NA,NA
771,-46.6500716436296,-12.4664053068596,2016-09-01,2017-08-01,Formacao_natural,NA,NA
772,-45.9140000001504,-12.8500000003691,2016-09-01,2017-08-01,Cropland,NA,NA
773,-45.9140000001504,-12.8500000003691,2016-09-01,2017-08-01,Cropland,NA,NA
774,-45.9140000001504,-12.8500000003691,2016-09-01,2017-08-01,Cropland,NA,NA
775,-45.9140000001504,-12.8500000003691,2016-09-01,2017-08-01,Cropland,NA,NA
776,-45.9140000001504,-12.8500000003691,2016-09-01,2017-08-01,Cropland,NA,NA
777,-45.9140000001504,-12.8500000003691,2016-09-01,2017-08-01,Cropland,NA,NA
778,-45.8858000001252,-12.8500000003632,2016-09-01,2017-08-01,Cropland,NA,NA
779,-45.8858000001252,-12.8500000003632,2016-09-01,2017-08-01,Cropland,NA,NA
780,-45.8858000001252,-12.8500000003632,2016-09-01,2017-08-01,Cropland,NA,NA
781,-45.8858000001252,-12.8500000003632,2016-09-01,2017-08-01,Cropland,NA,NA
782,-45.8858000001252,-12.8500000003632,2016-09-01,2017-08-01,Cropland,NA,NA
783,-45.8858000001252,-12.8500000003632,2016-09-01,2017-08-01,Cropland,NA,NA
784,-45.8858000001252,-12.8500000003632,2016-09-01,2017-08-01,Cropland,NA,NA
785,-45.8858000001252,-12.8500000003632,2016-09-01,2017-08-01,Cropland,NA,NA
786,-45.8901000004854,-12.8682000003271,2016-09-01,2017-08-01,Cropland,NA,NA
787,-45.8901000004854,-12.8682000003271,2016-09-01,2017-08-01,Cropland,NA,NA
788,-45.8901000004854,-12.8682000003271,2016-09-01,2017-08-01,Cropland,NA,NA
789,-45.8901000004854,-12.8682000003271,2016-09-01,2017-08-01,Cropland,NA,NA
790,-45.8901000004854,-12.8682000003271,2016-09-01,2017-08-01,Cropland,NA,NA
791,-45.8901000004854,-12.8682000003271,2016-09-01,2017-08-01,Cropland,NA,NA
792,-45.8901000004854,-12.8682000003271,2016-09-01,2017-08-01,Cropland,NA,NA
793,-45.8901000004854,-12.8682000003271,2016-09-01,2017-08-01,Cropland,NA,NA
794,-45.876900000326,-12.8874999997443,2016-09-01,2017-08-01,Cropland,NA,NA
795,-45.876900000326,-12.8874999997443,2016-09-01,2017-08-01,Cropland,NA,NA
796,-45.876900000326,-12.8874999997443,2016-09-01,2017-08-01,Cropland,NA,NA
797,-45.876900000326,-12.8874999997443,2016-09-01,2017-08-01,Cropland,NA,NA
798,-45.876900000326,-12.8874999997443,2016-09-01,2017-08-01,Cropland,NA,NA
799,-45.876900000326,-12.8874999997443,2016-09-01,2017-08-01,Cropland,NA,NA
800,-45.876900000326,-12.8874999997443,2016-09-01,2017-08-01,Cropland,NA,NA
801,-45.876900000326,-12.8874999997443,2016-09-01,2017-08-01,Cropland,NA,NA
802,-45.876900000326,-12.8874999997443,2016-09-01,2017-08-01,Cropland,NA,NA
803,-45.6621000004226,-12.8191999996741,2016-09-01,2017-08-01,Cropland,NA,NA
804,-45.6621000004226,-12.8191999996741,2016-09-01,2017-08-01,Cropland,NA,NA
805,-45.6621000004226,-12.8191999996741,2016-09-01,2017-08-01,Cropland,NA,NA
806,-45.6621000004226,-12.8191999996741,2016-09-01,2017-08-01,Cropland,NA,NA
807,-45.6621000004226,-12.8191999996741,2016-09-01,2017-08-01,Cropland,NA,NA
808,-45.6621000004226,-12.8191999996741,2016-09-01,2017-08-01,Cropland,NA,NA
809,-46.1066000000771,-12.3487000001087,2016-09-01,2017-08-01,Cropland,NA,NA
810,-46.1066000000771,-12.3487000001087,2016-09-01,2017-08-01,Cropland,NA,NA
811,-46.1066000000771,-12.3487000001087,2016-09-01,2017-08-01,Cropland,NA,NA
812,-46.1066000000771,-12.3487000001087,2016-09-01,2017-08-01,Cropland,NA,NA
813,-46.1066000000771,-12.3487000001087,2016-09-01,2017-08-01,Cropland,NA,NA
814,-46.1066000000771,-12.3487000001087,2016-09-01,2017-08-01,Cropland,NA,NA
815,-46.1066000000771,-12.3487000001087,2016-09-01,2017-08-01,Cropland,NA,NA
816,-46.1066000000771,-12.3487000001087,2016-09-01,2017-08-01,Cropland,NA,NA
817,-46.1066000000771,-12.3487000001087,2016-09-01,2017-08-01,Cropland,NA,NA
818,-46.1066000000771,-12.3487000001087,2016-09-01,2017-08-01,Cropland,NA,NA
819,-46.1066000000771,-12.3487000001087,2016-09-01,2017-08-01,Cropland,NA,NA
820,-46.0787999997926,-12.3665000002446,2016-09-01,2017-08-01,Cropland,NA,NA
821,-46.0787999997926,-12.3665000002446,2016-09-01,2017-08-01,Cropland,NA,NA
822,-46.0787999997926,-12.3665000002446,2016-09-01,2017-08-01,Cropland,NA,NA
823,-46.0787999997926,-12.3665000002446,2016-09-01,2017-08-01,Cropland,NA,NA
824,-46.0787999997926,-12.3665000002446,2016-09-01,2017-08-01,Cropland,NA,NA
825,-46.0787999997926,-12.3665000002446,2016-09-01,2017-08-01,Cropland,NA,NA
826,-46.0787999997926,-12.3665000002446,2016-09-01,2017-08-01,Cropland,NA,NA
827,-46.0787999997926,-12.3665000002446,2016-09-01,2017-08-01,Cropland,NA,NA
828,-46.0787999997926,-12.3665000002446,2016-09-01,2017-08-01,Cropland,NA,NA
829,-46.0787999997926,-12.3665000002446,2016-09-01,2017-08-01,Cropland,NA,NA
830,-46.0787999997926,-12.3665000002446,2016-09-01,2017-08-01,Cropland,NA,NA
831,-46.0787999997926,-12.3665000002446,2016-09-01,2017-08-01,Cropland,NA,NA
832,-46.0787999997926,-12.3665000002446,2016-09-01,2017-08-01,Cropland,NA,NA
833,-46.0564999998305,-12.3607999996968,2016-09-01,2017-08-01,Cropland,NA,NA
834,-46.0564999998305,-12.3607999996968,2016-09-01,2017-08-01,Cropland,NA,NA
835,-46.0564999998305,-12.3607999996968,2016-09-01,2017-08-01,Cropland,NA,NA
836,-46.0564999998305,-12.3607999996968,2016-09-01,2017-08-01,Cropland,NA,NA
837,-46.0564999998305,-12.3607999996968,2016-09-01,2017-08-01,Cropland,NA,NA
838,-46.0564999998305,-12.3607999996968,2016-09-01,2017-08-01,Cropland,NA,NA
839,-46.0564999998305,-12.3607999996968,2016-09-01,2017-08-01,Cropland,NA,NA
840,-46.0564999998305,-12.3607999996968,2016-09-01,2017-08-01,Cropland,NA,NA
841,-46.0564999998305,-12.3607999996968,2016-09-01,2017-08-01,Cropland,NA,NA
842,-46.0564999998305,-12.3607999996968,2016-09-01,2017-08-01,Cropland,NA,NA
843,-46.0564999998305,-12.3607999996968,2016-09-01,2017-08-01,Cropland,NA,NA
844,-46.0564999998305,-12.3607999996968,2016-09-01,2017-08-01,Cropland,NA,NA
845,-46.0564999998305,-12.3607999996968,2016-09-01,2017-08-01,Cropland,NA,NA
846,-46.0564999998305,-12.3607999996968,2016-09-01,2017-08-01,Cropland,NA,NA
847,-46.0564999998305,-12.3607999996968,2016-09-01,2017-08-01,Cropland,NA,NA
848,-46.0564999998305,-12.3607999996968,2016-09-01,2017-08-01,Cropland,NA,NA
849,-46.0564999998305,-12.3607999996968,2016-09-01,2017-08-01,Cropland,NA,NA
850,-46.0564999998305,-12.3607999996968,2016-09-01,2017-08-01,Cropland,NA,NA
851,-46.0564999998305,-12.3607999996968,2016-09-01,2017-08-01,Cropland,NA,NA
852,-46.0564999998305,-12.3607999996968,2016-09-01,2017-08-01,Cropland,NA,NA
853,-46.0564999998305,-12.3607999996968,2016-09-01,2017-08-01,Cropland,NA,NA
854,-46.0564999998305,-12.3607999996968,2016-09-01,2017-08-01,Cropland,NA,NA
855,-46.0564999998305,-12.3607999996968,2016-09-01,2017-08-01,Cropland,NA,NA
856,-46.0564999998305,-12.3607999996968,2016-09-01,2017-08-01,Cropland,NA,NA
857,-46.0564999998305,-12.3607999996968,2016-09-01,2017-08-01,Cropland,NA,NA
858,-46.0564999998305,-12.3607999996968,2016-09-01,2017-08-01,Cropland,NA,NA
859,-46.0564999998305,-12.3607999996968,2016-09-01,2017-08-01,Cropland,NA,NA
860,-46.0564999998305,-12.3607999996968,2016-09-01,2017-08-01,Cropland,NA,NA
861,-46.0035999998056,-12.3366000003739,2016-09-01,2017-08-01,Cropland,NA,NA
862,-46.0035999998056,-12.3366000003739,2016-09-01,2017-08-01,Cropland,NA,NA
863,-46.0035999998056,-12.3366000003739,2016-09-01,2017-08-01,Cropland,NA,NA
864,-46.0035999998056,-12.3366000003739,2016-09-01,2017-08-01,Cropland,NA,NA
865,-46.0035999998056,-12.3366000003739,2016-09-01,2017-08-01,Cropland,NA,NA
866,-46.0035999998056,-12.3366000003739,2016-09-01,2017-08-01,Cropland,NA,NA
867,-46.0035999998056,-12.3366000003739,2016-09-01,2017-08-01,Cropland,NA,NA
868,-46.0035999998056,-12.3366000003739,2016-09-01,2017-08-01,Cropland,NA,NA
869,-46.0035999998056,-12.3366000003739,2016-09-01,2017-08-01,Cropland,NA,NA
870,-46.0035999998056,-12.3366000003739,2016-09-01,2017-08-01,Cropland,NA,NA
871,-46.0035999998056,-12.3366000003739,2016-09-01,2017-08-01,Cropland,NA,NA
872,-46.0035999998056,-12.3366000003739,2016-09-01,2017-08-01,Cropland,NA,NA
873,-45.9734000001401,-12.3852999999686,2016-09-01,2017-08-01,Cropland,NA,NA
874,-45.9734000001401,-12.3852999999686,2016-09-01,2017-08-01,Cropland,NA,NA
875,-45.9734000001401,-12.3852999999686,2016-09-01,2017-08-01,Cropland,NA,NA
876,-45.9734000001401,-12.3852999999686,2016-09-01,2017-08-01,Cropland,NA,NA
877,-45.9734000001401,-12.3852999999686,2016-09-01,2017-08-01,Cropland,NA,NA
878,-45.9734000001401,-12.3852999999686,2016-09-01,2017-08-01,Cropland,NA,NA
879,-45.9734000001401,-12.3852999999686,2016-09-01,2017-08-01,Cropland,NA,NA
880,-45.9734000001401,-12.3852999999686,2016-09-01,2017-08-01,Cropland,NA,NA
881,-45.9734000001401,-12.3852999999686,2016-09-01,2017-08-01,Cropland,NA,NA
882,-45.9734000001401,-12.3852999999686,2016-09-01,2017-08-01,Cropland,NA,NA
883,-45.9734000001401,-12.3852999999686,2016-09-01,2017-08-01,Cropland,NA,NA
884,-46.0859999998478,-12.3812000001807,2016-09-01,2017-08-01,Cropland,NA,NA
885,-46.0859999998478,-12.3812000001807,2016-09-01,2017-08-01,Cropland,NA,NA
886,-46.0859999998478,-12.3812000001807,2016-09-01,2017-08-01,Cropland,NA,NA
887,-46.0859999998478,-12.3812000001807,2016-09-01,2017-08-01,Cropland,NA,NA
888,-46.0859999998478,-12.3812000001807,2016-09-01,2017-08-01,Cropland,NA,NA
889,-46.0859999998478,-12.3812000001807,2016-09-01,2017-08-01,Cropland,NA,NA
890,-46.0859999998478,-12.3812000001807,2016-09-01,2017-08-01,Cropland,NA,NA
891,-46.0859999998478,-12.3812000001807,2016-09-01,2017-08-01,Cropland,NA,NA
892,-46.0859999998478,-12.3812000001807,2016-09-01,2017-08-01,Cropland,NA,NA
893,-46.0859999998478,-12.3812000001807,2016-09-01,2017-08-01,Cropland,NA,NA
894,-46.0859999998478,-12.3812000001807,2016-09-01,2017-08-01,Cropland,NA,NA
895,-46.0859999998478,-12.3812000001807,2016-09-01,2017-08-01,Cropland,NA,NA
896,-46.1010999999308,-12.3893000001965,2016-09-01,2017-08-01,Cropland,NA,NA
897,-46.1010999999308,-12.3893000001965,2016-09-01,2017-08-01,Cropland,NA,NA
898,-46.1010999999308,-12.3893000001965,2016-09-01,2017-08-01,Cropland,NA,NA
899,-46.1010999999308,-12.3893000001965,2016-09-01,2017-08-01,Cropland,NA,NA
900,-46.1010999999308,-12.3893000001965,2016-09-01,2017-08-01,Cropland,NA,NA
